{"cameraMode":{"drawMode":0,"name":"Shaded","section":"Shading Mode"},"sceneLighting":false,"audioPlay":false,"sceneViewState":{"showFog":true,"showMaterialUpdate":false,"showSkybox":false,"showFlares":true,"showImageEffects":true,"showParticleSystems":true},"in2DMode":false,"pivot":{"x":0.32999998331069949,"y":2.5799999237060549,"z":-11.65999984741211},"rotation":{"x":0.11419455707073212,"y":0.8840957283973694,"z":-0.28985273838043215,"w":0.34831103682518008},"size":0.7794227600097656,"orthographic":false}