{"cameraMode":{"drawMode":0,"name":"Shaded","section":"Shading Mode"},"sceneLighting":false,"audioPlay":false,"sceneViewState":{"showFog":true,"showMaterialUpdate":false,"showSkybox":false,"showFlares":true,"showImageEffects":true,"showParticleSystems":true},"in2DMode":false,"pivot":{"x":0.052000001072883609,"y":0.06700000166893006,"z":-2.9000000953674318},"rotation":{"x":0.11419455707073212,"y":0.8840957283973694,"z":-0.28985273838043215,"w":0.34831103682518008},"size":10.0,"orthographic":false}