{"cameraMode":{"drawMode":0,"name":"Shaded","section":"Shading Mode"},"sceneLighting":false,"audioPlay":false,"sceneViewState":{"showFog":true,"showMaterialUpdate":false,"showSkybox":false,"showFlares":true,"showImageEffects":true,"showParticleSystems":true},"in2DMode":false,"pivot":{"x":-0.2700004577636719,"y":-6.25,"z":-0.37999916076660159},"rotation":{"x":0.11419455707073212,"y":0.8840957283973694,"z":-0.28985273838043215,"w":0.34831103682518008},"size":31.62277603149414,"orthographic":false}