{"cameraMode":{"drawMode":0,"name":"Shaded","section":"Shading Mode"},"sceneLighting":false,"audioPlay":false,"sceneViewState":{"showFog":true,"showMaterialUpdate":false,"showSkybox":false,"showFlares":true,"showImageEffects":true,"showParticleSystems":true},"in2DMode":false,"pivot":{"x":-0.5219521522521973,"y":-1.6391401290893555,"z":-8.092734336853028},"rotation":{"x":-0.3077264428138733,"y":0.3410104513168335,"z":-0.11921210587024689,"w":-0.8802495002746582},"size":1.5995748043060303,"orthographic":false}