{"cameraMode":{"drawMode":0,"name":"Shaded","section":"Shading Mode"},"sceneLighting":false,"audioPlay":false,"sceneViewState":{"showFog":true,"showMaterialUpdate":false,"showSkybox":false,"showFlares":true,"showImageEffects":true,"showParticleSystems":true},"in2DMode":false,"pivot":{"x":0.2305000126361847,"y":2.610494613647461,"z":3.3899998664855959},"rotation":{"x":0.17802420258522035,"y":-0.3905857801437378,"z":0.0772702693939209,"w":0.8998786211013794},"size":3.2613160610198976,"orthographic":false}