{"cameraMode":{"drawMode":0,"name":"Shaded","section":"Shading Mode"},"sceneLighting":false,"audioPlay":false,"sceneViewState":{"showFog":true,"showMaterialUpdate":false,"showSkybox":true,"showFlares":true,"showImageEffects":true,"showParticleSystems":true},"in2DMode":false,"pivot":{"x":-0.5334265828132629,"y":1.584893822669983,"z":-1.1151965856552125},"rotation":{"x":-0.14879180490970612,"y":0.6079615950584412,"z":-0.11733235418796539,"w":-0.7710232138633728},"size":5.551849842071533,"orthographic":false}