{"cameraMode":{"drawMode":0,"name":"Shaded","section":"Shading Mode"},"sceneLighting":false,"audioPlay":false,"sceneViewState":{"showFog":true,"showMaterialUpdate":false,"showSkybox":true,"showFlares":true,"showImageEffects":true,"showParticleSystems":true},"in2DMode":false,"pivot":{"x":-41.622188568115237,"y":-0.8359718322753906,"z":-13.878019332885743},"rotation":{"x":-0.16531991958618165,"y":0.6823078989982605,"z":-0.16270755231380464,"w":-0.6932904124259949},"size":64.95381164550781,"orthographic":false}